Car_ID,Make,Model,Year,Mileage,Color,Transmission,Fuel_Type,Price
1,Audi,Model A,2015,147011,White,Manual,Petrol,45081
2,Nissan,Model D,2020,1781,Silver,Manual,Petrol,85242
3,Volkswagen,Model C,2022,115586,Red,Automatic,Petrol,60383
4,BMW,Model D,2019,188772,Red,Automatic,Diesel,19837
5,Audi,Model D,2021,28624,Black,Automatic,Diesel,62151
6,Chevrolet,Model D,2017,7823,Blue,Manual,Petrol,46824
7,Ford,Model D,2018,19489,White,Automatic,Diesel,43073
8,Audi,Model E,2021,172033,Blue,Manual,Petrol,36299
9,Volkswagen,Model E,2022,30118,Red,Manual,Petrol,68861
10,BMW,Model B,2017,101417,Blue,Manual,Petrol,40063
11,Nissan,Model A,2016,82816,Red,Manual,Diesel,79453
12,Volkswagen,Model D,2015,154335,Blue,Automatic,Diesel,78472
13,Volkswagen,Model B,2020,14565,Black,Automatic,Diesel,24506
14,Ford,Model A,2019,152426,Gray,Manual,Diesel,89854
15,Mercedes,Model C,2019,175023,Black,Automatic,Petrol,36026
16,BMW,Model E,2015,92179,Black,Manual,Diesel,37672
17,Honda,Model A,2020,24648,Gray,Manual,Diesel,48417
18,Volkswagen,Model C,2015,182801,Gray,Manual,Diesel,62413
19,Mercedes,Model A,2016,42971,White,Automatic,Petrol,75066
20,Honda,Model E,2022,19658,White,Manual,Petrol,69213
21,BMW,Model E,2017,22253,Black,Manual,Diesel,60971
22,Toyota,Model B,2021,196238,Black,Automatic,Diesel,37281
23,Chevrolet,Model D,2019,180635,Red,Automatic,Diesel,38091
24,Mercedes,Model A,2016,158462,Red,Automatic,Diesel,60494
25,Hyundai,Model A,2017,89664,White,Automatic,Petrol,28610
26,Toyota,Model C,2016,183650,Silver,Manual,Diesel,11079
27,Chevrolet,Model E,2020,104850,Silver,Automatic,Diesel,56751
28,Ford,Model A,2019,164730,White,Manual,Diesel,96126
29,Audi,Model E,2021,138924,Red,Automatic,Petrol,65432
30,Nissan,Model A,2015,134623,Red,Automatic,Petrol,40951
31,Hyundai,Model B,2015,72947,Silver,Automatic,Diesel,90863
32,Ford,Model D,2017,62001,Blue,Automatic,Diesel,88291
33,BMW,Model A,2021,181231,Blue,Automatic,Diesel,69872
34,Ford,Model E,2022,123775,Red,Automatic,Diesel,17235
35,Audi,Model B,2018,183779,Blue,Manual,Diesel,92733
36,BMW,Model A,2020,34243,Gray,Automatic,Petrol,72712
37,Hyundai,Model C,2017,153872,White,Automatic,Petrol,31473
38,Audi,Model D,2018,76939,White,Automatic,Petrol,77567
39,Honda,Model A,2016,58828,Red,Automatic,Diesel,89823
40,Nissan,Model B,2020,139311,Black,Manual,Petrol,42230
41,Hyundai,Model C,2016,7710,Silver,Automatic,Petrol,94573
42,Honda,Model B,2022,153456,Red,Automatic,Petrol,78876
43,Chevrolet,Model B,2021,153110,Blue,Automatic,Diesel,50644
44,Hyundai,Model C,2019,172918,Silver,Automatic,Diesel,58664
45,Chevrolet,Model B,2020,199893,Black,Manual,Petrol,55203
46,BMW,Model C,2018,38991,Blue,Automatic,Diesel,76677
47,Honda,Model A,2022,139043,Gray,Manual,Petrol,35425
48,Nissan,Model C,2019,161211,Blue,Automatic,Petrol,94817
49,Audi,Model C,2015,86445,Gray,Manual,Petrol,95961
50,Volkswagen,Model D,2018,81257,Silver,Manual,Petrol,79806
51,Ford,Model C,2017,38711,Gray,Automatic,Diesel,52814
52,Toyota,Model C,2015,7530,Silver,Automatic,Diesel,80219
53,Nissan,Model A,2022,12116,Silver,Manual,Diesel,59646
54,Honda,Model D,2015,66794,Silver,Manual,Diesel,49884
55,Volkswagen,Model E,2017,132354,Silver,Automatic,Petrol,79322
56,Nissan,Model A,2020,133970,Silver,Manual,Diesel,31650
57,Honda,Model A,2015,5135,Blue,Manual,Petrol,19190
58,Mercedes,Model E,2021,138701,Silver,Manual,Diesel,48196
59,Mercedes,Model C,2018,110472,Blue,Automatic,Diesel,49449
60,Chevrolet,Model B,2019,126147,Silver,Manual,Diesel,49661
61,Nissan,Model D,2015,90087,Gray,Manual,Petrol,39709
62,Mercedes,Model B,2018,197103,Silver,Manual,Petrol,90428
63,Honda,Model E,2016,34380,Black,Automatic,Petrol,85179
64,Chevrolet,Model A,2018,130951,Silver,Automatic,Petrol,19943
65,Honda,Model A,2019,18071,Silver,Manual,Diesel,53240
66,Chevrolet,Model D,2018,21074,Gray,Automatic,Petrol,55760
67,Nissan,Model A,2017,68843,White,Manual,Petrol,31042
68,Volkswagen,Model A,2022,40901,Gray,Automatic,Diesel,53894
69,Audi,Model D,2019,12205,Black,Automatic,Diesel,16869
70,Hyundai,Model D,2022,187733,White,Manual,Petrol,71078
71,Volkswagen,Model E,2020,125661,Red,Automatic,Diesel,66759
72,BMW,Model A,2022,6906,Red,Automatic,Petrol,54306
73,Honda,Model A,2016,134663,Black,Automatic,Diesel,65371
74,BMW,Model E,2017,126576,Gray,Manual,Petrol,30918
75,Volkswagen,Model C,2020,63987,Blue,Automatic,Petrol,38379
76,Chevrolet,Model C,2018,195442,Black,Automatic,Petrol,93232
77,Hyundai,Model C,2019,81685,White,Manual,Petrol,12962
78,Hyundai,Model E,2016,111454,White,Automatic,Petrol,23851
79,Toyota,Model A,2017,106487,Silver,Automatic,Diesel,55747
80,Hyundai,Model E,2020,55400,Red,Automatic,Petrol,62349
81,Audi,Model E,2020,157222,White,Automatic,Petrol,80832
82,Hyundai,Model C,2016,32852,Black,Automatic,Petrol,66356
83,Volkswagen,Model B,2021,174942,White,Manual,Petrol,24745
84,Toyota,Model A,2018,53756,Black,Manual,Petrol,15730
85,Volkswagen,Model C,2016,116357,Blue,Automatic,Diesel,23921
86,Volkswagen,Model B,2020,120052,Silver,Automatic,Diesel,81138
87,Ford,Model B,2015,57481,Red,Automatic,Petrol,93111
88,Toyota,Model D,2017,2283,White,Manual,Diesel,29023
89,Volkswagen,Model A,2016,34691,Black,Manual,Petrol,55349
90,Ford,Model B,2021,133197,Gray,Automatic,Diesel,91533
91,Ford,Model C,2020,199137,Red,Automatic,Diesel,93286
92,Toyota,Model D,2018,27170,Blue,Manual,Petrol,51979
93,BMW,Model A,2022,9438,Black,Automatic,Diesel,32837
94,Chevrolet,Model E,2020,21095,Silver,Manual,Diesel,24997
95,Audi,Model C,2018,148226,Silver,Manual,Petrol,98603
96,Chevrolet,Model B,2016,140076,Blue,Automatic,Petrol,55039
97,Hyundai,Model B,2018,10752,Blue,Manual,Diesel,30923
98,Audi,Model C,2019,56426,Silver,Automatic,Diesel,18876
99,Hyundai,Model B,2019,27819,White,Automatic,Diesel,70973
100,Volkswagen,Model D,2019,93051,White,Automatic,Petrol,12887
101,Honda,Model A,2021,156289,Black,Automatic,Diesel,73723
102,Toyota,Model D,2021,33994,Gray,Automatic,Diesel,52422
103,Audi,Model B,2015,147108,Black,Automatic,Diesel,61413
104,Audi,Model E,2021,98756,Gray,Manual,Petrol,12841
105,Volkswagen,Model A,2022,181488,Blue,Manual,Petrol,38756
106,BMW,Model A,2016,141659,Red,Manual,Petrol,81576
107,Ford,Model C,2020,96665,Black,Manual,Petrol,20304
108,Volkswagen,Model C,2020,132717,Black,Automatic,Diesel,40341
109,Mercedes,Model E,2015,163002,Gray,Manual,Petrol,14758
110,Ford,Model A,2021,82835,Blue,Manual,Diesel,27010
111,Toyota,Model E,2022,123232,Blue,Manual,Diesel,70758
112,Ford,Model C,2018,162162,Gray,Automatic,Diesel,41658
113,BMW,Model C,2015,184214,Blue,Manual,Diesel,59002
114,Ford,Model A,2022,158547,Silver,Automatic,Petrol,11375
115,Toyota,Model D,2018,150960,White,Manual,Petrol,32092
116,BMW,Model B,2022,44732,Silver,Automatic,Petrol,10490
117,Chevrolet,Model C,2018,47305,Red,Automatic,Petrol,13729
118,Audi,Model C,2017,178109,Black,Manual,Petrol,15974
119,Audi,Model D,2022,10346,Red,Automatic,Diesel,95216
120,Hyundai,Model D,2020,1587,Black,Automatic,Petrol,93860
121,Chevrolet,Model E,2019,13763,White,Manual,Petrol,31398
122,Chevrolet,Model E,2021,191237,Blue,Manual,Petrol,44650
123,Ford,Model B,2018,70615,Silver,Manual,Petrol,31292
124,Audi,Model B,2017,168188,Gray,Automatic,Diesel,13159
125,Toyota,Model A,2022,121987,Silver,Automatic,Diesel,72766
126,Nissan,Model E,2020,92353,White,Automatic,Diesel,27065
127,Nissan,Model C,2019,96648,Red,Manual,Diesel,31638
128,BMW,Model E,2018,26556,Gray,Automatic,Diesel,11073
129,Audi,Model C,2022,60042,Blue,Automatic,Petrol,56511
130,Audi,Model D,2022,19099,White,Automatic,Diesel,94307
131,Nissan,Model E,2018,110089,Gray,Automatic,Diesel,39320
132,Audi,Model D,2015,177168,White,Automatic,Diesel,79876
133,Ford,Model B,2015,145302,White,Automatic,Petrol,44924
134,Mercedes,Model B,2020,161081,Blue,Automatic,Petrol,91720
135,Honda,Model A,2019,34866,Black,Manual,Diesel,50734
136,Chevrolet,Model E,2018,106400,Gray,Manual,Petrol,78116
137,Hyundai,Model D,2020,85246,Blue,Manual,Petrol,50025
138,BMW,Model C,2020,77975,White,Automatic,Diesel,12159
139,Mercedes,Model B,2016,173927,Blue,Automatic,Petrol,58940
140,Nissan,Model B,2022,82557,Black,Manual,Petrol,89436
141,Chevrolet,Model C,2021,138488,Silver,Automatic,Petrol,86976
142,Audi,Model D,2022,73516,Gray,Manual,Diesel,24678
143,Hyundai,Model D,2015,187987,Black,Automatic,Diesel,71075
144,Audi,Model E,2019,150130,Red,Automatic,Diesel,57204
145,Toyota,Model E,2022,172790,Gray,Manual,Petrol,22021
146,Toyota,Model A,2018,33602,Black,Manual,Diesel,16772
147,Hyundai,Model B,2020,190139,White,Manual,Petrol,77163
148,Hyundai,Model E,2018,159588,Gray,Manual,Petrol,83755
149,Nissan,Model D,2016,130295,Gray,Manual,Petrol,33464
150,Hyundai,Model C,2019,88969,Blue,Automatic,Diesel,61137
151,Ford,Model D,2020,133161,White,Automatic,Diesel,40232
152,Audi,Model B,2018,169418,Red,Automatic,Diesel,71497
153,Mercedes,Model D,2015,142559,Silver,Manual,Diesel,84024
154,Volkswagen,Model A,2021,1155,Black,Manual,Petrol,61448
155,Hyundai,Model B,2016,124950,Blue,Manual,Diesel,94517
156,BMW,Model C,2019,68494,Black,Manual,Petrol,10901
157,Toyota,Model A,2016,77229,Red,Manual,Diesel,97980
158,Ford,Model B,2015,105648,Red,Manual,Diesel,93597
159,Chevrolet,Model C,2019,39547,Gray,Automatic,Diesel,12881
160,Volkswagen,Model A,2016,29795,Red,Automatic,Petrol,39863
161,Mercedes,Model A,2017,187368,Black,Automatic,Petrol,15622
162,Volkswagen,Model B,2015,22447,White,Automatic,Petrol,11378
163,Hyundai,Model E,2015,168670,White,Automatic,Petrol,93168
164,Nissan,Model A,2015,173886,Gray,Manual,Petrol,81186
165,Toyota,Model A,2017,88960,Silver,Manual,Diesel,55201
166,Toyota,Model C,2017,64278,Black,Manual,Petrol,69251
167,Chevrolet,Model D,2018,56077,Black,Manual,Petrol,82572
168,Nissan,Model B,2020,113782,Red,Manual,Petrol,49255
169,Audi,Model B,2021,103932,Black,Manual,Petrol,73212
170,Honda,Model E,2016,141600,Blue,Automatic,Diesel,60210
171,Ford,Model E,2018,182172,Silver,Manual,Petrol,32499
172,Toyota,Model B,2016,110869,Red,Manual,Diesel,61628
173,BMW,Model E,2021,140251,Blue,Manual,Diesel,71360
174,Toyota,Model C,2020,49781,Gray,Manual,Diesel,14603
175,Volkswagen,Model B,2017,187339,White,Automatic,Petrol,95473
176,Toyota,Model E,2020,156024,Gray,Automatic,Diesel,22632
177,Toyota,Model B,2017,54798,White,Manual,Petrol,40607
178,Honda,Model D,2021,99696,Gray,Automatic,Petrol,75756
179,Honda,Model A,2020,51939,Black,Automatic,Petrol,56994
180,Mercedes,Model B,2018,30516,Blue,Manual,Petrol,73382
181,Audi,Model A,2019,188598,White,Manual,Petrol,80354
182,BMW,Model E,2018,142521,Red,Manual,Diesel,66344
183,Toyota,Model A,2016,51290,Blue,Manual,Diesel,63775
184,Toyota,Model B,2018,127688,Red,Manual,Petrol,17349
185,Ford,Model D,2021,87661,Blue,Automatic,Diesel,81154
186,Honda,Model E,2015,73954,Blue,Manual,Petrol,37464
187,BMW,Model B,2016,23746,Gray,Manual,Diesel,52624
188,Chevrolet,Model E,2020,68990,White,Manual,Diesel,47344
189,Mercedes,Model C,2016,59810,White,Automatic,Diesel,93791
190,Audi,Model A,2019,119362,Blue,Manual,Diesel,34299
191,Nissan,Model C,2017,147295,Black,Manual,Diesel,57975
192,Audi,Model B,2020,134669,Black,Manual,Petrol,11462
193,Volkswagen,Model D,2022,197749,Red,Automatic,Petrol,91441
194,Toyota,Model E,2016,3659,Red,Manual,Diesel,91788
195,Mercedes,Model A,2020,87516,Gray,Manual,Petrol,50581
196,Volkswagen,Model E,2020,75567,Blue,Manual,Diesel,81289
197,BMW,Model B,2020,16037,Red,Automatic,Petrol,24175
198,Nissan,Model E,2017,127498,Red,Manual,Diesel,16191
199,Honda,Model A,2022,178810,Silver,Manual,Diesel,93434
200,Mercedes,Model B,2021,13109,Blue,Manual,Diesel,94518
201,Mercedes,Model E,2018,23010,Gray,Automatic,Petrol,90158
202,Toyota,Model D,2020,9787,Red,Manual,Petrol,76537
203,Hyundai,Model B,2015,140544,Gray,Manual,Diesel,57645
204,Mercedes,Model B,2021,155455,White,Manual,Diesel,33283
205,Ford,Model D,2019,62709,Gray,Automatic,Petrol,96971
206,Nissan,Model C,2017,35518,Black,Automatic,Petrol,69123
207,Nissan,Model A,2016,54909,Black,Manual,Petrol,40024
208,Ford,Model C,2017,19351,Gray,Automatic,Petrol,59630
209,Chevrolet,Model E,2016,185402,Black,Automatic,Petrol,40734
210,Ford,Model D,2017,16282,White,Automatic,Diesel,10515
211,Ford,Model C,2016,153850,Blue,Manual,Petrol,76727
212,Nissan,Model B,2020,156336,Black,Manual,Diesel,56216
213,Audi,Model E,2018,191747,Black,Automatic,Diesel,81833
214,Nissan,Model E,2016,6075,Gray,Automatic,Petrol,68755
215,Hyundai,Model C,2022,180526,White,Automatic,Petrol,37856
216,Toyota,Model C,2016,29365,Blue,Manual,Diesel,83870
217,Volkswagen,Model D,2015,180272,Gray,Manual,Petrol,34162
218,Audi,Model A,2016,12002,Gray,Automatic,Diesel,16008
219,Honda,Model C,2015,14947,Silver,Automatic,Petrol,17987
220,Volkswagen,Model C,2019,95840,White,Automatic,Petrol,72532
221,Toyota,Model B,2020,117219,Blue,Automatic,Petrol,13332
222,Hyundai,Model E,2015,79610,White,Manual,Diesel,76323
223,Hyundai,Model A,2018,53142,Blue,Automatic,Petrol,48990
224,Honda,Model B,2021,57307,White,Manual,Diesel,19873
225,Audi,Model D,2020,136565,Gray,Automatic,Petrol,92542
226,Chevrolet,Model D,2015,51085,Gray,Automatic,Diesel,95761
227,Ford,Model C,2020,35228,Red,Automatic,Petrol,46444
228,Audi,Model C,2022,183947,Black,Automatic,Diesel,45340
229,Chevrolet,Model D,2020,163727,Silver,Automatic,Diesel,15033
230,Hyundai,Model C,2020,44472,White,Manual,Diesel,83324
231,Nissan,Model A,2019,50437,Silver,Automatic,Diesel,25689
232,Toyota,Model C,2018,181488,Red,Automatic,Diesel,97134
233,Honda,Model E,2017,60711,Black,Automatic,Diesel,10066
234,Toyota,Model C,2017,138888,White,Manual,Petrol,55246
235,BMW,Model B,2015,78175,Blue,Manual,Diesel,17533
236,BMW,Model A,2020,65307,Black,Manual,Diesel,90639
237,Audi,Model B,2015,47733,Gray,Manual,Diesel,80152
238,Hyundai,Model B,2019,129202,Red,Automatic,Petrol,69658
239,Hyundai,Model E,2019,96028,Black,Automatic,Petrol,48498
240,Ford,Model A,2016,143312,Black,Automatic,Petrol,21772
241,Ford,Model A,2022,93493,Gray,Manual,Diesel,99385
242,Ford,Model A,2019,126149,White,Automatic,Petrol,59036
243,Nissan,Model A,2016,164834,Blue,Automatic,Petrol,68531
244,Volkswagen,Model A,2018,9259,Gray,Manual,Diesel,22940
245,Mercedes,Model E,2015,182211,Blue,Manual,Diesel,26932
246,Volkswagen,Model C,2021,129775,White,Manual,Petrol,66827
247,Toyota,Model B,2018,15849,Black,Automatic,Diesel,71431
248,Volkswagen,Model A,2019,82768,Blue,Automatic,Diesel,34648
249,Nissan,Model C,2018,107108,Red,Manual,Diesel,42966
250,Toyota,Model C,2018,90709,Red,Automatic,Diesel,37777
251,Volkswagen,Model B,2022,55869,Gray,Manual,Petrol,42567
252,Nissan,Model E,2022,127888,White,Manual,Diesel,27174
253,Mercedes,Model D,2022,64095,Gray,Automatic,Petrol,52598
254,Volkswagen,Model D,2018,118886,Gray,Manual,Petrol,69199
255,Nissan,Model C,2019,71910,Silver,Manual,Petrol,23798
256,Ford,Model B,2021,24567,Gray,Manual,Petrol,75364
257,Hyundai,Model D,2020,36292,Silver,Automatic,Diesel,27558
258,Ford,Model C,2018,75813,Red,Manual,Diesel,71084
259,Hyundai,Model E,2016,98136,Red,Manual,Diesel,54237
260,Honda,Model D,2019,52631,Gray,Manual,Petrol,75497
261,Honda,Model C,2018,10885,Red,Manual,Petrol,10178
262,Honda,Model C,2021,191731,White,Manual,Petrol,96006
263,Mercedes,Model A,2020,186378,Silver,Manual,Diesel,27118
264,Ford,Model E,2022,67314,Silver,Manual,Petrol,32616
265,Hyundai,Model A,2019,66087,Gray,Automatic,Diesel,10798
266,Nissan,Model B,2017,161237,Red,Automatic,Diesel,17601
267,Toyota,Model A,2020,191001,Blue,Manual,Diesel,35363
268,Nissan,Model A,2016,199100,Silver,Automatic,Diesel,12795
269,Toyota,Model D,2018,96998,Gray,Automatic,Petrol,55264
270,BMW,Model C,2021,50812,Gray,Manual,Diesel,82833
271,Nissan,Model E,2017,182572,White,Automatic,Petrol,13084
272,Volkswagen,Model A,2021,59643,Black,Manual,Diesel,86646
273,Volkswagen,Model E,2017,45900,Black,Manual,Petrol,10731
274,Audi,Model A,2019,175018,Silver,Manual,Petrol,11129
275,Ford,Model B,2017,139923,White,Manual,Diesel,38022
276,Toyota,Model A,2016,17288,White,Manual,Diesel,11605
277,Toyota,Model D,2016,73692,White,Automatic,Diesel,87506
278,Ford,Model C,2015,199652,Silver,Manual,Petrol,54130
279,Mercedes,Model B,2016,139440,Black,Automatic,Diesel,39265
280,Audi,Model A,2020,86436,White,Manual,Diesel,42330
281,Mercedes,Model E,2017,47403,Red,Manual,Petrol,78469
282,Mercedes,Model B,2016,92170,Gray,Manual,Diesel,25187
283,Mercedes,Model B,2019,10168,Gray,Automatic,Petrol,35791
284,Ford,Model A,2021,50879,Blue,Manual,Diesel,80610
285,Mercedes,Model B,2022,60871,Blue,Manual,Petrol,49867
286,Volkswagen,Model E,2021,33174,Silver,Manual,Petrol,10893
287,Honda,Model B,2015,138653,Silver,Manual,Diesel,29773
288,BMW,Model E,2021,111155,Gray,Automatic,Petrol,14239
289,Toyota,Model A,2017,72853,Red,Manual,Diesel,30863
290,Toyota,Model C,2015,65046,Black,Automatic,Diesel,61415
291,BMW,Model B,2017,50678,Black,Manual,Petrol,78968
292,Ford,Model C,2019,27649,Silver,Automatic,Diesel,70430
293,Nissan,Model E,2015,128795,Red,Automatic,Petrol,11515
294,Ford,Model B,2018,89668,Silver,Manual,Petrol,24605
295,Toyota,Model D,2020,146639,Black,Manual,Petrol,66240
296,Toyota,Model C,2020,90906,Silver,Automatic,Petrol,15586
297,BMW,Model B,2017,97019,White,Manual,Petrol,41186
298,Mercedes,Model C,2021,194016,Silver,Manual,Petrol,36928
299,Ford,Model B,2022,79002,Gray,Manual,Petrol,93087
300,Hyundai,Model A,2022,29803,Silver,Automatic,Petrol,97029
301,BMW,Model C,2018,150302,Gray,Manual,Diesel,30711
302,Volkswagen,Model D,2015,149934,Red,Manual,Diesel,64962
303,Toyota,Model D,2018,175427,Black,Manual,Petrol,30039
304,BMW,Model E,2018,163331,Blue,Automatic,Diesel,46561
305,Ford,Model B,2021,31795,Blue,Manual,Diesel,85483
306,Toyota,Model C,2022,9770,Black,Automatic,Diesel,91395
307,Nissan,Model E,2015,12093,Blue,Manual,Diesel,98658
308,BMW,Model C,2019,178643,Silver,Automatic,Diesel,11577
309,Audi,Model B,2021,132265,Red,Manual,Diesel,38350
310,Toyota,Model D,2018,101311,Red,Manual,Petrol,43798
311,Ford,Model A,2018,18569,Black,Automatic,Diesel,91417
312,Honda,Model D,2019,12190,Blue,Automatic,Diesel,20785
313,Hyundai,Model E,2018,63824,Silver,Automatic,Diesel,82227
314,Chevrolet,Model A,2018,174824,Red,Manual,Diesel,71957
315,Mercedes,Model E,2018,164399,Red,Manual,Petrol,75431
316,Chevrolet,Model B,2020,43070,White,Manual,Petrol,27297
317,Ford,Model A,2021,41197,White,Manual,Petrol,81894
318,Volkswagen,Model E,2016,3261,Red,Automatic,Petrol,73772
319,Volkswagen,Model B,2021,158584,Black,Manual,Diesel,29581
320,Honda,Model D,2019,138788,Gray,Manual,Petrol,65192
321,Mercedes,Model B,2018,87795,Gray,Manual,Petrol,11462
322,Audi,Model C,2021,29933,Silver,Manual,Petrol,74173
323,Honda,Model B,2020,136450,Red,Manual,Petrol,25511
324,Chevrolet,Model B,2022,41583,Red,Manual,Diesel,86106
325,Honda,Model C,2019,113082,Red,Manual,Petrol,58665
326,Chevrolet,Model E,2017,86371,Black,Automatic,Diesel,54414
327,Toyota,Model E,2021,161105,White,Manual,Petrol,91010
328,Volkswagen,Model B,2017,156072,Red,Manual,Diesel,82573
329,Toyota,Model C,2018,112032,Red,Manual,Diesel,23386
330,Hyundai,Model C,2020,43604,Blue,Manual,Petrol,64460
331,Mercedes,Model D,2020,96074,Black,Automatic,Petrol,16221
332,Audi,Model E,2021,74869,Silver,Automatic,Petrol,33474
333,Chevrolet,Model A,2019,6410,Red,Automatic,Petrol,31045
334,Audi,Model E,2019,84375,Blue,Automatic,Diesel,14922
335,Chevrolet,Model E,2020,188116,Gray,Automatic,Diesel,32706
336,Ford,Model D,2019,195387,Silver,Automatic,Petrol,52771
337,Honda,Model A,2020,97055,Red,Manual,Petrol,62335
338,Hyundai,Model D,2021,138868,Red,Automatic,Diesel,62949
339,Volkswagen,Model A,2016,87716,Blue,Automatic,Petrol,80714
340,Chevrolet,Model B,2020,55245,Black,Manual,Diesel,25240
341,Audi,Model A,2017,44056,Red,Automatic,Petrol,12716
342,Hyundai,Model D,2019,149781,Gray,Manual,Diesel,26574
343,Nissan,Model E,2020,59557,Red,Manual,Diesel,93255
344,Nissan,Model A,2020,18543,Gray,Automatic,Diesel,83717
345,Toyota,Model A,2021,169490,Silver,Manual,Diesel,54066
346,Volkswagen,Model C,2019,97038,Silver,Automatic,Diesel,71826
347,Ford,Model E,2016,148796,White,Automatic,Petrol,30213
348,Audi,Model B,2021,4828,White,Manual,Diesel,81916
349,Honda,Model D,2016,117656,Gray,Manual,Petrol,76151
350,Honda,Model B,2022,18087,Black,Automatic,Diesel,60906
351,Audi,Model E,2021,144677,Red,Manual,Diesel,10463
352,Mercedes,Model A,2019,32337,Red,Manual,Petrol,41973
353,Ford,Model A,2015,137554,White,Automatic,Petrol,84694
354,Hyundai,Model E,2019,66333,Gray,Automatic,Petrol,30651
355,Chevrolet,Model A,2019,183024,Red,Manual,Petrol,78694
356,Mercedes,Model A,2016,137535,Red,Automatic,Diesel,30008
357,Chevrolet,Model A,2016,71448,Black,Automatic,Petrol,80474
358,Chevrolet,Model D,2019,5648,Blue,Automatic,Diesel,48185
359,Mercedes,Model D,2019,131576,White,Automatic,Petrol,97924
360,Toyota,Model C,2019,34623,White,Automatic,Petrol,84417
361,Nissan,Model B,2016,191228,Blue,Automatic,Diesel,81139
362,Chevrolet,Model E,2019,36634,Red,Automatic,Diesel,44980
363,Mercedes,Model E,2019,176674,Black,Manual,Petrol,32504
364,Mercedes,Model E,2022,115598,Black,Automatic,Diesel,64970
365,BMW,Model C,2018,50334,White,Manual,Diesel,26766
366,Toyota,Model D,2015,69648,Black,Manual,Diesel,21695
367,Volkswagen,Model C,2017,23054,Silver,Manual,Diesel,27796
368,BMW,Model E,2015,71028,Blue,Automatic,Diesel,52543
369,BMW,Model B,2018,23207,Red,Automatic,Diesel,24559
370,Audi,Model A,2017,82554,Silver,Manual,Diesel,43139
371,Nissan,Model D,2021,153458,Blue,Automatic,Diesel,18802
372,Mercedes,Model D,2019,84276,Gray,Manual,Petrol,83843
373,Nissan,Model C,2018,191590,White,Automatic,Diesel,50205
374,Ford,Model D,2022,53781,Black,Automatic,Petrol,44159
375,Audi,Model E,2021,184852,Gray,Manual,Diesel,21516
376,Volkswagen,Model E,2019,193512,Black,Manual,Diesel,60492
377,Nissan,Model C,2016,176271,Silver,Manual,Diesel,39086
378,Honda,Model E,2020,62035,Red,Automatic,Diesel,40480
379,Chevrolet,Model B,2018,9210,Red,Manual,Petrol,62091
380,Ford,Model C,2016,45363,Red,Automatic,Petrol,57766
381,Toyota,Model B,2018,79279,Black,Automatic,Diesel,48737
382,Volkswagen,Model A,2022,192420,Gray,Automatic,Petrol,19265
383,Ford,Model B,2018,187356,Red,Manual,Diesel,80990
384,Chevrolet,Model A,2016,154504,Gray,Manual,Diesel,25386
385,Audi,Model A,2022,196161,Black,Manual,Petrol,47425
386,Chevrolet,Model B,2017,187470,Silver,Automatic,Petrol,53254
387,BMW,Model C,2015,135393,Gray,Automatic,Diesel,99863
388,Chevrolet,Model E,2019,82348,Silver,Manual,Diesel,63634
389,BMW,Model E,2018,169455,Black,Automatic,Petrol,96717
390,Audi,Model A,2019,114816,Black,Automatic,Diesel,57662
391,Hyundai,Model A,2020,124053,White,Manual,Petrol,96988
392,BMW,Model C,2016,184965,Black,Manual,Diesel,97527
393,Toyota,Model D,2019,167892,Black,Manual,Diesel,85452
394,Chevrolet,Model B,2016,67262,Blue,Automatic,Petrol,20143
395,Chevrolet,Model A,2019,135832,Red,Automatic,Petrol,25581
396,Toyota,Model E,2015,154262,White,Automatic,Petrol,77443
397,Honda,Model C,2015,68411,White,Automatic,Diesel,39424
398,Mercedes,Model B,2022,24377,White,Automatic,Diesel,98844
399,Hyundai,Model C,2015,178809,Blue,Manual,Diesel,51984
400,Volkswagen,Model B,2022,39211,Silver,Automatic,Diesel,51505
401,BMW,Model B,2015,4744,Black,Automatic,Petrol,72699
402,Toyota,Model A,2015,25995,Red,Automatic,Diesel,36957
403,Audi,Model C,2015,149049,Gray,Manual,Diesel,35464
404,BMW,Model C,2016,35542,Silver,Manual,Diesel,33649
405,Mercedes,Model E,2018,11651,Black,Manual,Petrol,52065
406,Audi,Model E,2022,100239,Blue,Automatic,Diesel,44758
407,Ford,Model A,2019,79931,Black,Manual,Diesel,15596
408,Chevrolet,Model A,2015,103112,Black,Manual,Petrol,26374
409,Ford,Model D,2016,17715,Blue,Manual,Diesel,13775
410,BMW,Model E,2016,176481,White,Automatic,Diesel,37388
411,Mercedes,Model B,2016,156378,White,Manual,Petrol,31029
412,Hyundai,Model C,2022,151158,Red,Automatic,Diesel,93981
413,BMW,Model A,2018,146448,Red,Automatic,Diesel,63639
414,Toyota,Model C,2022,62350,White,Manual,Diesel,24645
415,Nissan,Model C,2019,72425,Silver,Automatic,Petrol,41105
416,BMW,Model D,2018,168708,Gray,Manual,Diesel,23668
417,Chevrolet,Model E,2017,87120,Black,Automatic,Diesel,25960
418,Chevrolet,Model A,2021,115889,Gray,Manual,Petrol,21357
419,BMW,Model C,2016,183721,Black,Manual,Petrol,74604
420,Audi,Model A,2022,166682,White,Manual,Diesel,61796
421,Nissan,Model B,2017,142130,Red,Automatic,Diesel,25804
422,Toyota,Model D,2020,75637,Silver,Manual,Diesel,24626
423,BMW,Model B,2022,71194,Red,Automatic,Diesel,38132
424,Audi,Model A,2015,77917,Gray,Manual,Petrol,17951
425,Chevrolet,Model A,2021,65200,Red,Automatic,Diesel,16449
426,Chevrolet,Model E,2015,106848,White,Automatic,Petrol,29065
427,Mercedes,Model C,2018,107022,Silver,Manual,Petrol,19130
428,BMW,Model C,2021,178691,Gray,Manual,Diesel,99360
429,Nissan,Model B,2022,149226,Silver,Manual,Diesel,72287
430,Honda,Model D,2019,151611,Black,Manual,Petrol,61702
431,Nissan,Model C,2017,61058,Red,Manual,Petrol,46993
432,Chevrolet,Model E,2019,63068,Silver,Automatic,Diesel,41875
433,Chevrolet,Model B,2022,100932,Blue,Manual,Petrol,16054
434,Ford,Model B,2018,162445,Red,Manual,Diesel,58517
435,Chevrolet,Model E,2015,165226,Black,Automatic,Diesel,86368
436,Toyota,Model D,2021,138103,Silver,Manual,Petrol,39670
437,Volkswagen,Model E,2019,23785,Gray,Manual,Petrol,59112
438,BMW,Model D,2022,160741,Black,Automatic,Diesel,98388
439,Nissan,Model E,2019,95475,Blue,Manual,Petrol,99156
440,Volkswagen,Model E,2022,3282,Silver,Manual,Diesel,38307
441,Audi,Model A,2015,166696,White,Manual,Diesel,77087
442,Honda,Model B,2021,180510,Red,Automatic,Diesel,57922
443,Toyota,Model E,2017,68534,Gray,Manual,Petrol,73080
444,Nissan,Model E,2015,163777,White,Automatic,Diesel,89335
445,Volkswagen,Model C,2019,170316,Silver,Manual,Diesel,36312
446,Honda,Model B,2017,75964,Silver,Automatic,Diesel,76985
447,Ford,Model C,2022,169509,Black,Manual,Diesel,67608
448,Toyota,Model B,2017,120006,Silver,Automatic,Diesel,99962
449,Toyota,Model C,2022,51583,Gray,Automatic,Diesel,50277
450,Ford,Model E,2015,39392,White,Automatic,Diesel,41551
451,BMW,Model E,2019,8461,Gray,Automatic,Diesel,99813
452,Ford,Model A,2018,101123,Blue,Automatic,Diesel,66597
453,Toyota,Model C,2019,11516,Blue,Automatic,Diesel,55212
454,Toyota,Model D,2022,149586,Red,Manual,Diesel,19637
455,Volkswagen,Model A,2016,122251,Red,Manual,Petrol,53258
456,Chevrolet,Model C,2021,168340,Blue,Automatic,Diesel,45693
457,Honda,Model C,2020,168860,Silver,Automatic,Diesel,19824
458,Ford,Model A,2018,193121,Gray,Automatic,Diesel,36950
459,Honda,Model E,2017,63493,Blue,Automatic,Petrol,33488
460,Ford,Model C,2018,37027,Red,Manual,Diesel,10215
461,Audi,Model E,2021,94547,Blue,Automatic,Petrol,21523
462,Toyota,Model A,2017,174921,Silver,Manual,Diesel,85900
463,Chevrolet,Model E,2021,101127,Blue,Manual,Diesel,78689
464,Volkswagen,Model B,2017,149930,Gray,Automatic,Petrol,33834
465,Chevrolet,Model D,2018,80003,White,Automatic,Diesel,44474
466,Chevrolet,Model C,2017,184467,Silver,Manual,Petrol,53066
467,Chevrolet,Model D,2017,40758,Red,Manual,Petrol,20400
468,Honda,Model E,2016,55312,Gray,Automatic,Diesel,20345
469,Ford,Model C,2019,69670,Blue,Automatic,Diesel,43896
470,Hyundai,Model E,2019,83279,Blue,Automatic,Diesel,95430
471,Audi,Model B,2020,16434,White,Manual,Diesel,38899
472,Nissan,Model A,2020,196119,Red,Manual,Petrol,38229
473,Chevrolet,Model C,2022,179847,Red,Automatic,Petrol,15583
474,BMW,Model B,2022,76769,Black,Manual,Diesel,14897
475,Honda,Model B,2022,67677,Red,Manual,Petrol,81537
476,Volkswagen,Model C,2016,84555,White,Automatic,Petrol,14567
477,Nissan,Model E,2020,129379,Black,Automatic,Diesel,84807
478,Hyundai,Model B,2021,177806,Black,Manual,Petrol,87239
479,BMW,Model D,2022,102665,Blue,Manual,Petrol,23329
480,Hyundai,Model B,2022,172675,Blue,Automatic,Diesel,81792
481,Nissan,Model E,2018,69803,Red,Automatic,Petrol,10228
482,Chevrolet,Model E,2015,171404,Black,Automatic,Diesel,92214
483,BMW,Model D,2021,92703,Blue,Automatic,Petrol,47052
484,Hyundai,Model B,2022,22312,White,Automatic,Diesel,67769
485,Volkswagen,Model E,2022,176251,Blue,Manual,Petrol,56032
486,Ford,Model C,2022,118961,Silver,Manual,Petrol,98721
487,Toyota,Model A,2015,41379,Silver,Manual,Diesel,43686
488,Ford,Model A,2015,18297,Blue,Manual,Diesel,86981
489,Nissan,Model A,2016,3011,Black,Automatic,Diesel,73261
490,Honda,Model B,2021,121234,Black,Automatic,Diesel,12809
491,Toyota,Model D,2016,45014,Gray,Automatic,Petrol,51785
492,Audi,Model E,2017,143810,Silver,Manual,Petrol,46547
493,Volkswagen,Model C,2015,95333,White,Manual,Petrol,52818
494,Audi,Model C,2018,179570,Black,Manual,Diesel,81927
495,BMW,Model B,2020,12120,Red,Automatic,Petrol,75681
496,Toyota,Model A,2018,140839,Silver,Manual,Petrol,89465
497,Audi,Model B,2020,23852,White,Automatic,Diesel,99862
498,Audi,Model D,2015,80239,White,Automatic,Diesel,47333
499,Hyundai,Model D,2015,133001,Black,Automatic,Petrol,26576
500,Ford,Model E,2015,92575,White,Automatic,Diesel,49405
501,Hyundai,Model E,2016,96040,Black,Automatic,Petrol,83779
502,Toyota,Model D,2021,149510,Blue,Automatic,Petrol,41601
503,Toyota,Model D,2020,180587,Silver,Manual,Diesel,77946
504,Nissan,Model D,2021,6744,Gray,Automatic,Petrol,77356
505,Hyundai,Model B,2016,174489,Blue,Automatic,Diesel,62116
506,Mercedes,Model D,2016,139141,Silver,Manual,Diesel,72894
507,Ford,Model C,2019,43359,Black,Automatic,Petrol,44635
508,Toyota,Model A,2018,151871,Silver,Manual,Petrol,17465
509,Nissan,Model D,2018,99746,Black,Manual,Petrol,66754
510,Hyundai,Model A,2017,121906,Blue,Manual,Diesel,95119
511,Ford,Model B,2022,8597,Red,Automatic,Petrol,48871
512,Hyundai,Model A,2016,48093,Red,Automatic,Diesel,72874
513,Audi,Model B,2020,169298,Silver,Manual,Diesel,87733
514,Nissan,Model C,2019,115650,Red,Automatic,Petrol,39511
515,Ford,Model B,2019,158489,Black,Automatic,Diesel,90960
516,Chevrolet,Model B,2022,150765,White,Manual,Petrol,58821
517,BMW,Model E,2021,121956,Black,Manual,Petrol,75776
518,BMW,Model D,2022,116598,White,Automatic,Petrol,80167
519,Ford,Model D,2022,185233,Blue,Manual,Petrol,85135
520,Hyundai,Model C,2022,134241,Gray,Manual,Petrol,54462
521,Nissan,Model C,2018,154124,White,Manual,Petrol,71382
522,BMW,Model D,2016,9036,Red,Automatic,Petrol,42574
523,Nissan,Model E,2017,32778,Black,Automatic,Diesel,51910
524,BMW,Model D,2016,159806,Blue,Automatic,Petrol,83531
525,Audi,Model E,2021,155245,Red,Manual,Diesel,35186
526,Hyundai,Model C,2015,162475,Blue,Automatic,Diesel,32813
527,Audi,Model A,2022,198393,Gray,Manual,Diesel,88812
528,BMW,Model C,2016,138416,Black,Automatic,Petrol,95525
529,Chevrolet,Model C,2021,19800,Silver,Automatic,Diesel,88282
530,Chevrolet,Model B,2015,26372,Black,Manual,Diesel,28557
531,Audi,Model B,2015,62516,Gray,Automatic,Petrol,38060
532,Chevrolet,Model B,2022,21538,Black,Manual,Petrol,68866
533,BMW,Model B,2017,64918,Silver,Automatic,Diesel,82104
534,Ford,Model E,2020,147045,White,Automatic,Petrol,94577
535,Audi,Model D,2018,72155,Blue,Manual,Petrol,16080
536,Honda,Model A,2016,60500,Silver,Manual,Petrol,23854
537,Hyundai,Model C,2015,168647,Red,Manual,Petrol,77695
538,Chevrolet,Model E,2016,174333,Gray,Automatic,Diesel,37025
539,Chevrolet,Model A,2020,111659,White,Automatic,Petrol,62982
540,Toyota,Model E,2018,28716,Red,Automatic,Petrol,51081
541,Mercedes,Model E,2020,135308,Red,Manual,Petrol,14368
542,Audi,Model C,2018,147920,Gray,Manual,Diesel,37094
543,Volkswagen,Model D,2019,3352,White,Manual,Diesel,56040
544,Chevrolet,Model B,2018,134004,Red,Automatic,Petrol,76766
545,Hyundai,Model D,2022,77449,Red,Automatic,Petrol,93053
546,Honda,Model C,2017,9556,White,Manual,Diesel,33991
547,Chevrolet,Model C,2020,87836,Black,Automatic,Petrol,11301
548,Honda,Model C,2015,137570,Red,Manual,Petrol,38610
549,BMW,Model A,2022,51098,Blue,Automatic,Diesel,91463
550,BMW,Model D,2019,196458,White,Automatic,Petrol,44678
551,Mercedes,Model D,2017,113169,Red,Manual,Petrol,34466
552,Ford,Model E,2016,141641,Gray,Automatic,Diesel,90440
553,Volkswagen,Model E,2022,127060,Silver,Automatic,Diesel,50875
554,Toyota,Model E,2020,188954,Blue,Manual,Petrol,36081
555,Mercedes,Model C,2021,131544,Silver,Manual,Diesel,34354
556,Nissan,Model D,2021,1340,Silver,Automatic,Petrol,28300
557,Toyota,Model C,2015,176021,Red,Manual,Petrol,74384
558,Audi,Model A,2018,83302,Blue,Automatic,Petrol,70892
559,Hyundai,Model E,2015,194515,Blue,Manual,Diesel,45525
560,Nissan,Model C,2021,1138,Black,Automatic,Diesel,36532
561,Nissan,Model C,2016,132430,Silver,Automatic,Petrol,16464
562,Mercedes,Model A,2019,120619,Blue,Manual,Petrol,26562
563,Ford,Model B,2019,86376,Black,Automatic,Diesel,65514
564,Mercedes,Model D,2020,100931,White,Automatic,Diesel,84219
565,Audi,Model B,2019,162726,Black,Manual,Diesel,42634
566,Chevrolet,Model E,2020,157951,Gray,Manual,Petrol,10060
567,Chevrolet,Model C,2022,82532,Red,Automatic,Diesel,19269
568,Ford,Model A,2020,56778,White,Manual,Diesel,73143
569,Audi,Model A,2022,38772,White,Manual,Petrol,33065
570,Ford,Model D,2020,59478,Gray,Automatic,Petrol,12895
571,Honda,Model B,2021,196425,Black,Automatic,Petrol,90859
572,Chevrolet,Model D,2021,27762,Red,Manual,Diesel,22352
573,Nissan,Model C,2018,145355,Black,Manual,Petrol,59737
574,Volkswagen,Model D,2022,195994,Blue,Manual,Petrol,42016
575,Hyundai,Model A,2017,171492,Black,Automatic,Petrol,71304
576,Audi,Model A,2022,56568,White,Automatic,Petrol,21962
577,Toyota,Model E,2020,86090,Red,Automatic,Diesel,43302
578,Ford,Model E,2020,21219,Black,Automatic,Petrol,95382
579,Hyundai,Model C,2017,58169,Red,Automatic,Diesel,14011
580,Toyota,Model B,2015,75965,Red,Automatic,Diesel,29782
581,Hyundai,Model D,2020,178912,Blue,Automatic,Diesel,77691
582,Volkswagen,Model C,2018,176767,Blue,Manual,Petrol,49725
583,Toyota,Model E,2019,85754,White,Manual,Diesel,19196
584,Mercedes,Model D,2019,78988,Gray,Automatic,Petrol,53459
585,BMW,Model E,2016,190414,Red,Automatic,Petrol,97245
586,Mercedes,Model D,2016,151023,Gray,Automatic,Petrol,88863
587,Chevrolet,Model B,2019,133379,White,Manual,Diesel,42769
588,BMW,Model C,2019,81388,Red,Automatic,Petrol,34700
589,Mercedes,Model D,2021,91768,Red,Manual,Petrol,90356
590,BMW,Model A,2018,36428,Silver,Manual,Petrol,86427
591,BMW,Model A,2017,93021,Gray,Manual,Diesel,15269
592,Nissan,Model D,2016,119418,Black,Manual,Diesel,53880
593,Ford,Model D,2021,171047,Blue,Manual,Diesel,18320
594,Ford,Model D,2021,133212,Black,Automatic,Petrol,59589
595,Nissan,Model A,2017,156914,Gray,Automatic,Diesel,86276
596,Hyundai,Model A,2021,27421,Blue,Manual,Petrol,45897
597,Honda,Model D,2022,2708,Black,Automatic,Petrol,68565
598,Hyundai,Model E,2018,135702,Silver,Manual,Diesel,40930
599,Toyota,Model E,2019,151667,Blue,Manual,Petrol,67233
600,Toyota,Model B,2020,77021,Red,Automatic,Diesel,92821
601,BMW,Model C,2017,160380,Black,Automatic,Petrol,24380
602,Mercedes,Model E,2019,45789,Blue,Automatic,Diesel,86896
603,Mercedes,Model A,2019,187762,Silver,Automatic,Petrol,80934
604,Ford,Model E,2015,27086,Blue,Automatic,Petrol,65830
605,Audi,Model B,2022,17859,Blue,Manual,Petrol,15529
606,Hyundai,Model B,2017,8684,Silver,Automatic,Petrol,92987
607,Chevrolet,Model C,2021,92088,Black,Automatic,Petrol,59178
608,Volkswagen,Model E,2020,133279,White,Automatic,Diesel,16937
609,Mercedes,Model A,2017,47099,Black,Manual,Petrol,49886
610,Volkswagen,Model A,2021,199568,Gray,Automatic,Diesel,59699
611,BMW,Model D,2019,67093,Silver,Manual,Diesel,86396
612,Volkswagen,Model A,2020,161761,Black,Automatic,Diesel,35279
613,Chevrolet,Model C,2021,49651,Blue,Automatic,Petrol,48106
614,Nissan,Model C,2018,14893,Silver,Manual,Petrol,89737
615,Chevrolet,Model A,2021,67418,Red,Automatic,Petrol,50544
616,Volkswagen,Model A,2015,126074,Black,Automatic,Diesel,18997
617,Chevrolet,Model D,2022,104065,Silver,Manual,Petrol,95711
618,Honda,Model A,2019,131351,Black,Automatic,Petrol,50860
619,BMW,Model D,2021,192083,Silver,Manual,Diesel,13225
620,Hyundai,Model D,2022,39635,Blue,Manual,Diesel,69470
621,Nissan,Model A,2016,188187,Red,Manual,Diesel,73656
622,Mercedes,Model B,2016,96071,Red,Manual,Diesel,61880
623,Toyota,Model B,2022,79518,Gray,Manual,Diesel,71078
624,Hyundai,Model D,2022,107233,Silver,Automatic,Diesel,98646
625,Toyota,Model A,2015,104651,Black,Automatic,Petrol,86290
626,BMW,Model B,2018,73805,Red,Automatic,Diesel,66633
627,Nissan,Model A,2019,191026,Red,Manual,Petrol,36655
628,Ford,Model A,2017,160136,White,Manual,Petrol,53601
629,Mercedes,Model A,2015,123813,White,Manual,Petrol,13114
630,Honda,Model E,2018,80063,Red,Manual,Diesel,36502
631,Ford,Model A,2022,3454,Silver,Automatic,Petrol,59768
632,BMW,Model E,2017,21878,Gray,Automatic,Diesel,58128
633,Hyundai,Model D,2022,183170,Red,Manual,Diesel,30028
634,Honda,Model B,2022,194226,Blue,Manual,Petrol,65565
635,Chevrolet,Model B,2016,145063,Black,Automatic,Diesel,93123
636,Volkswagen,Model B,2016,69344,Gray,Manual,Petrol,45333
637,Honda,Model B,2017,105946,Blue,Manual,Petrol,13174
638,BMW,Model B,2015,37593,Gray,Manual,Diesel,45398
639,Audi,Model B,2016,37304,Blue,Automatic,Petrol,45929
640,Volkswagen,Model B,2019,162458,Black,Automatic,Petrol,14321
641,Toyota,Model D,2022,187292,Black,Manual,Petrol,65421
642,Mercedes,Model A,2020,114613,White,Automatic,Diesel,82635
643,Toyota,Model C,2021,153155,Silver,Manual,Petrol,33760
644,Honda,Model E,2017,19354,Blue,Manual,Diesel,21360
645,Toyota,Model C,2017,23190,White,Automatic,Diesel,20313
646,BMW,Model C,2016,7142,Blue,Manual,Petrol,95998
647,Chevrolet,Model A,2015,160470,White,Manual,Petrol,15801
648,Hyundai,Model A,2022,184043,Black,Automatic,Diesel,24130
649,Mercedes,Model A,2019,42862,Gray,Manual,Diesel,24271
650,Toyota,Model B,2015,185482,White,Manual,Petrol,26075
651,Toyota,Model D,2018,151575,Blue,Manual,Petrol,28984
652,Honda,Model B,2018,126438,Blue,Automatic,Diesel,98095
653,Hyundai,Model D,2020,49456,Silver,Manual,Diesel,70942
654,Ford,Model D,2016,101167,Black,Automatic,Diesel,22861
655,Toyota,Model C,2016,83035,Blue,Manual,Diesel,92203
656,BMW,Model C,2016,9016,Red,Manual,Diesel,81376
657,Audi,Model D,2020,3384,Gray,Manual,Petrol,71247
658,Mercedes,Model D,2018,194392,White,Manual,Diesel,79101
659,Toyota,Model B,2015,147144,Silver,Automatic,Diesel,30977
660,BMW,Model B,2020,103239,Gray,Automatic,Petrol,60617
661,BMW,Model C,2020,112431,Black,Manual,Petrol,67473
662,Mercedes,Model A,2015,81018,Silver,Manual,Diesel,96654
663,Ford,Model D,2016,41510,White,Manual,Diesel,98177
664,BMW,Model B,2019,181005,White,Manual,Petrol,82902
665,Audi,Model C,2015,22826,Red,Manual,Diesel,25630
666,BMW,Model B,2018,69026,Black,Manual,Diesel,30056
667,BMW,Model D,2017,122668,Silver,Manual,Petrol,17382
668,BMW,Model D,2022,157590,Silver,Manual,Diesel,65739
669,Chevrolet,Model E,2017,25045,Blue,Automatic,Petrol,91685
670,Chevrolet,Model A,2021,182948,Red,Automatic,Petrol,58639
671,Ford,Model E,2021,91102,Red,Automatic,Petrol,69838
672,Toyota,Model C,2020,52919,Silver,Manual,Petrol,56041
673,BMW,Model B,2022,100441,Silver,Manual,Diesel,10992
674,Hyundai,Model C,2017,159175,Gray,Manual,Petrol,82394
675,Toyota,Model D,2019,168260,Gray,Automatic,Diesel,77657
676,Ford,Model E,2016,137917,Gray,Manual,Diesel,37160
677,Nissan,Model E,2018,168746,Red,Automatic,Diesel,55156
678,Toyota,Model E,2021,119325,Blue,Manual,Diesel,61375
679,Toyota,Model C,2019,20337,White,Automatic,Diesel,96442
680,Volkswagen,Model D,2018,154385,Gray,Automatic,Petrol,29572
681,Honda,Model B,2018,159015,Blue,Automatic,Petrol,14136
682,Volkswagen,Model B,2016,78949,Black,Manual,Petrol,71868
683,Audi,Model C,2022,1276,Gray,Automatic,Petrol,92263
684,Chevrolet,Model E,2020,52151,White,Manual,Diesel,42167
685,Chevrolet,Model A,2017,149683,Black,Manual,Petrol,25479
686,Honda,Model C,2016,144016,Black,Manual,Diesel,41376
687,Mercedes,Model C,2019,53887,White,Manual,Diesel,14823
688,Mercedes,Model D,2020,82442,Gray,Manual,Petrol,80456
689,Ford,Model B,2019,50847,Red,Automatic,Petrol,29585
690,Honda,Model C,2020,59653,White,Manual,Petrol,27272
691,Toyota,Model C,2022,57622,White,Manual,Petrol,36619
692,Mercedes,Model E,2021,28810,White,Manual,Diesel,85069
693,BMW,Model E,2019,78842,Black,Manual,Diesel,49895
694,Hyundai,Model A,2016,123225,Blue,Manual,Petrol,13720
695,Toyota,Model D,2020,11503,Red,Automatic,Diesel,29267
696,Audi,Model A,2020,85761,Gray,Automatic,Diesel,25696
697,BMW,Model E,2018,169048,Gray,Manual,Diesel,39968
698,BMW,Model B,2018,127439,Blue,Automatic,Petrol,63364
699,Honda,Model E,2015,12590,White,Automatic,Diesel,33345
700,Ford,Model D,2019,142958,Red,Manual,Petrol,61567
701,Audi,Model E,2018,144938,Gray,Automatic,Petrol,71607
702,Mercedes,Model D,2015,67624,Silver,Manual,Diesel,29385
703,Honda,Model D,2021,164864,Gray,Automatic,Diesel,93658
704,Mercedes,Model D,2021,141836,White,Automatic,Petrol,76900
705,Honda,Model D,2018,121356,Silver,Automatic,Diesel,78244
706,Honda,Model D,2019,43727,Blue,Manual,Diesel,75425
707,Honda,Model B,2020,79471,Red,Automatic,Petrol,88518
708,Ford,Model A,2017,9068,Blue,Automatic,Petrol,92844
709,Honda,Model C,2022,117923,Blue,Manual,Petrol,42919
710,Nissan,Model A,2019,139367,Red,Manual,Petrol,67196
711,Hyundai,Model D,2022,173232,Red,Automatic,Diesel,89401
712,Mercedes,Model B,2016,12390,Gray,Manual,Diesel,10495
713,Toyota,Model E,2021,107752,Gray,Automatic,Petrol,54755
714,Volkswagen,Model B,2018,152203,Red,Automatic,Petrol,77684
715,Audi,Model D,2018,95754,Silver,Manual,Petrol,43324
716,Chevrolet,Model B,2022,76969,Black,Manual,Diesel,88929
717,Ford,Model B,2020,147110,Gray,Manual,Petrol,11552
718,Toyota,Model D,2022,184399,Black,Automatic,Diesel,61272
719,BMW,Model B,2016,78064,Silver,Manual,Petrol,45853
720,Nissan,Model C,2020,22281,Red,Automatic,Petrol,42924
721,Chevrolet,Model C,2016,55189,Silver,Manual,Petrol,84462
722,Volkswagen,Model B,2017,49511,Gray,Automatic,Diesel,33889
723,Toyota,Model E,2021,123115,Blue,Manual,Diesel,64675
724,Chevrolet,Model D,2018,9605,Red,Automatic,Diesel,83591
725,Toyota,Model C,2018,101318,White,Manual,Petrol,80190
726,Nissan,Model E,2017,133453,Black,Automatic,Diesel,32634
727,Volkswagen,Model B,2015,198706,Silver,Manual,Diesel,42363
728,BMW,Model E,2021,20810,Red,Manual,Petrol,73752
729,Honda,Model A,2020,156394,Silver,Automatic,Petrol,87004
730,Mercedes,Model C,2017,42869,Red,Manual,Diesel,66398
731,BMW,Model B,2020,33955,Gray,Automatic,Diesel,50718
732,Honda,Model D,2022,62388,Gray,Automatic,Diesel,92916
733,Ford,Model B,2019,11207,Gray,Manual,Diesel,36870
734,Hyundai,Model D,2018,199700,Silver,Automatic,Petrol,47394
735,Audi,Model B,2020,160292,White,Manual,Petrol,62057
736,Audi,Model E,2016,23031,Gray,Manual,Petrol,89795
737,Mercedes,Model E,2020,81807,Red,Automatic,Diesel,90409
738,Volkswagen,Model E,2019,72312,Gray,Manual,Diesel,23016
739,Nissan,Model A,2021,60766,Blue,Automatic,Petrol,52137
740,Volkswagen,Model D,2018,144521,Gray,Automatic,Petrol,10153
741,Nissan,Model E,2022,90833,Silver,Manual,Diesel,17853
742,Volkswagen,Model A,2017,188771,White,Manual,Diesel,22379
743,Hyundai,Model D,2022,112041,Blue,Automatic,Petrol,25792
744,Ford,Model B,2019,117185,Silver,Automatic,Petrol,48367
745,Ford,Model A,2018,178164,Silver,Manual,Petrol,28100
746,Honda,Model C,2020,195743,Silver,Manual,Diesel,73456
747,Chevrolet,Model A,2021,11350,Red,Manual,Diesel,21049
748,Ford,Model A,2015,101859,Silver,Manual,Diesel,10786
749,Ford,Model D,2021,69487,Red,Automatic,Diesel,79904
750,BMW,Model B,2015,149694,Silver,Manual,Diesel,40699
751,BMW,Model C,2016,124853,Black,Automatic,Diesel,57691
752,Honda,Model E,2021,54117,Blue,Automatic,Petrol,47040
753,Chevrolet,Model E,2018,190466,Black,Manual,Petrol,67986
754,Mercedes,Model A,2015,102084,Silver,Automatic,Diesel,48762
755,BMW,Model D,2017,24782,Blue,Manual,Petrol,33600
756,Mercedes,Model D,2018,29454,Blue,Automatic,Diesel,29810
757,Toyota,Model E,2017,68904,White,Manual,Petrol,95703
758,BMW,Model C,2021,130936,Black,Automatic,Diesel,97347
759,Hyundai,Model B,2017,147664,White,Automatic,Petrol,67204
760,Chevrolet,Model C,2015,154245,Blue,Manual,Petrol,30085
761,Honda,Model B,2018,165276,Red,Manual,Diesel,56854
762,Toyota,Model E,2020,167668,Blue,Automatic,Diesel,84797
763,Chevrolet,Model B,2019,166396,White,Automatic,Petrol,94269
764,Hyundai,Model D,2015,123258,Black,Manual,Petrol,49779
765,Chevrolet,Model A,2015,112668,Silver,Automatic,Diesel,66207
766,Hyundai,Model A,2020,193274,Silver,Manual,Petrol,43980
767,Hyundai,Model E,2018,125184,Black,Automatic,Diesel,66117
768,Mercedes,Model D,2018,162822,Silver,Manual,Diesel,24141
769,Volkswagen,Model C,2022,17566,Silver,Automatic,Petrol,19344
770,Toyota,Model D,2021,139262,White,Manual,Diesel,25896
771,Chevrolet,Model A,2017,39333,Black,Manual,Petrol,99353
772,Nissan,Model A,2021,122929,Gray,Automatic,Petrol,39813
773,Toyota,Model D,2020,90571,Red,Manual,Diesel,94431
774,Volkswagen,Model D,2021,121263,Red,Automatic,Petrol,75679
775,Toyota,Model A,2020,133661,Silver,Manual,Diesel,20681
776,Ford,Model C,2018,26235,Red,Manual,Diesel,82903
777,Nissan,Model E,2017,1159,Black,Manual,Diesel,13228
778,Volkswagen,Model E,2021,144217,Black,Automatic,Petrol,14582
779,Mercedes,Model D,2015,163993,Blue,Manual,Diesel,88683
780,Chevrolet,Model E,2016,105859,Blue,Automatic,Petrol,21397
781,Audi,Model A,2022,148309,Red,Manual,Diesel,48799
782,Volkswagen,Model A,2019,108507,Gray,Automatic,Diesel,47011
783,Honda,Model D,2015,140316,Blue,Automatic,Diesel,89183
784,Chevrolet,Model D,2018,15743,Blue,Automatic,Petrol,54264
785,Volkswagen,Model D,2019,47101,Black,Manual,Petrol,52317
786,Ford,Model C,2016,122534,Gray,Automatic,Diesel,57914
787,Audi,Model E,2016,85227,Silver,Manual,Diesel,94633
788,Ford,Model D,2017,188450,Red,Automatic,Petrol,55254
789,Audi,Model B,2019,72126,Blue,Automatic,Petrol,50096
790,Honda,Model B,2017,57071,Gray,Automatic,Petrol,63785
791,Chevrolet,Model A,2015,75763,Gray,Automatic,Diesel,62344
792,Mercedes,Model E,2020,144309,Red,Manual,Petrol,92643
793,Ford,Model D,2020,147721,Gray,Automatic,Diesel,78546
794,Ford,Model B,2020,169785,Gray,Automatic,Petrol,81091
795,Hyundai,Model E,2019,177481,Gray,Manual,Diesel,75603
796,Audi,Model A,2020,180838,Blue,Automatic,Diesel,38412
797,BMW,Model C,2015,47154,Red,Automatic,Diesel,61658
798,Chevrolet,Model E,2017,8016,Gray,Automatic,Petrol,59549
799,Audi,Model E,2019,180760,Gray,Automatic,Petrol,21549
800,Hyundai,Model C,2017,90678,Blue,Manual,Petrol,81216
801,Toyota,Model E,2019,113056,Red,Manual,Diesel,35739
802,Audi,Model A,2017,55238,Black,Automatic,Diesel,31209
803,Mercedes,Model A,2016,59608,Blue,Manual,Petrol,97968
804,Chevrolet,Model C,2017,90081,Red,Manual,Diesel,25116
805,Hyundai,Model D,2020,163969,Gray,Automatic,Diesel,30045
806,Toyota,Model B,2016,51961,Red,Manual,Diesel,36327
807,Nissan,Model D,2017,176829,Red,Automatic,Petrol,45709
808,Hyundai,Model E,2019,27917,Silver,Manual,Diesel,53617
809,Nissan,Model B,2019,154808,Red,Manual,Petrol,70139
810,Chevrolet,Model C,2022,28990,Black,Manual,Petrol,36905
811,Ford,Model C,2019,63551,Red,Automatic,Petrol,74148
812,Hyundai,Model B,2018,190233,Black,Manual,Petrol,82603
813,Honda,Model A,2015,154512,Gray,Automatic,Petrol,52919
814,Nissan,Model B,2019,167277,Black,Automatic,Diesel,93521
815,Mercedes,Model E,2016,81811,Gray,Manual,Petrol,93400
816,Honda,Model A,2022,56103,Gray,Automatic,Petrol,98150
817,Volkswagen,Model C,2019,173699,Black,Manual,Petrol,68446
818,Volkswagen,Model B,2018,107122,Blue,Automatic,Diesel,62428
819,Toyota,Model D,2020,20008,White,Automatic,Diesel,57894
820,Ford,Model D,2016,33402,Red,Manual,Diesel,91149
821,Chevrolet,Model E,2018,185456,Silver,Manual,Diesel,16447
822,Hyundai,Model D,2020,137865,White,Manual,Petrol,15499
823,BMW,Model B,2021,137643,Red,Manual,Petrol,49041
824,Mercedes,Model B,2021,148281,Red,Automatic,Diesel,41315
825,Nissan,Model D,2016,114550,Gray,Automatic,Diesel,11299
826,Chevrolet,Model B,2017,175220,Red,Automatic,Diesel,14994
827,Honda,Model E,2015,92218,Silver,Manual,Diesel,91163
828,Volkswagen,Model A,2022,134296,Red,Automatic,Petrol,17489
829,Mercedes,Model E,2015,180767,Black,Manual,Diesel,42355
830,BMW,Model E,2018,121779,White,Automatic,Diesel,83805
831,Hyundai,Model B,2020,130714,Black,Manual,Diesel,78367
832,Toyota,Model A,2015,33441,Silver,Automatic,Diesel,87355
833,BMW,Model B,2020,171201,Red,Automatic,Diesel,97173
834,Mercedes,Model C,2020,63368,Silver,Manual,Diesel,11996
835,BMW,Model B,2018,93122,Gray,Automatic,Diesel,54387
836,Mercedes,Model B,2018,45760,Black,Manual,Petrol,13089
837,Mercedes,Model B,2018,24478,Black,Automatic,Petrol,30659
838,Audi,Model A,2015,128881,Blue,Automatic,Petrol,55178
839,Nissan,Model B,2021,72854,Red,Manual,Petrol,91268
840,Volkswagen,Model A,2018,95230,Gray,Manual,Petrol,95042
841,Audi,Model D,2022,86716,Black,Automatic,Petrol,80726
842,Hyundai,Model C,2015,144252,Black,Automatic,Diesel,80111
843,Audi,Model A,2018,99538,Gray,Automatic,Diesel,44565
844,Ford,Model D,2019,16372,Silver,Automatic,Petrol,99242
845,Ford,Model A,2020,30796,Silver,Automatic,Diesel,32884
846,Volkswagen,Model A,2022,190344,Red,Automatic,Petrol,27199
847,BMW,Model C,2018,99826,Blue,Manual,Diesel,70038
848,Nissan,Model E,2016,121592,Black,Manual,Diesel,67786
849,Volkswagen,Model E,2020,94635,Blue,Manual,Diesel,59294
850,Mercedes,Model A,2020,112022,Silver,Automatic,Diesel,88015
851,Honda,Model B,2018,55040,Silver,Automatic,Diesel,44178
852,Nissan,Model D,2021,76357,White,Automatic,Diesel,22665
853,Nissan,Model B,2017,79356,Red,Manual,Petrol,10534
854,Mercedes,Model B,2021,17211,White,Manual,Petrol,46132
855,Mercedes,Model A,2018,106426,White,Automatic,Diesel,46110
856,Toyota,Model A,2020,6842,White,Automatic,Petrol,68754
857,Volkswagen,Model A,2022,195187,Red,Manual,Diesel,73580
858,Mercedes,Model A,2016,67852,Red,Manual,Petrol,32469
859,Ford,Model E,2022,126737,Gray,Manual,Diesel,74016
860,Hyundai,Model A,2022,46968,Blue,Automatic,Petrol,56233
861,Honda,Model E,2020,18508,Blue,Automatic,Diesel,76708
862,Volkswagen,Model E,2021,154077,Gray,Automatic,Petrol,68232
863,Chevrolet,Model A,2016,55575,Gray,Manual,Diesel,96437
864,Ford,Model C,2015,151043,Silver,Manual,Petrol,44409
865,BMW,Model D,2019,157671,White,Automatic,Diesel,29324
866,Mercedes,Model B,2020,67914,Gray,Automatic,Diesel,18738
867,Chevrolet,Model E,2018,68055,Black,Manual,Diesel,34054
868,Mercedes,Model D,2015,88697,Blue,Automatic,Petrol,39709
869,Nissan,Model C,2019,107239,Gray,Manual,Petrol,95643
870,Ford,Model B,2018,124106,Black,Manual,Petrol,10363
871,Nissan,Model B,2022,6355,Black,Automatic,Diesel,20358
872,Toyota,Model E,2017,55120,Black,Manual,Petrol,13240
873,Nissan,Model A,2018,39342,Silver,Automatic,Diesel,82201
874,Toyota,Model C,2016,3257,Silver,Manual,Petrol,55689
875,Toyota,Model E,2016,28364,Black,Manual,Petrol,11936
876,Chevrolet,Model C,2017,157044,Silver,Automatic,Petrol,53965
877,Mercedes,Model A,2015,112715,White,Manual,Petrol,87534
878,BMW,Model A,2019,27654,Black,Automatic,Diesel,10882
879,Nissan,Model E,2018,82423,White,Automatic,Petrol,30224
880,Ford,Model A,2016,30320,White,Manual,Petrol,40825
881,Toyota,Model D,2015,21808,Black,Automatic,Diesel,80740
882,Mercedes,Model B,2017,53389,Blue,Automatic,Diesel,38885
883,Honda,Model E,2021,119581,Black,Automatic,Petrol,50056
884,Volkswagen,Model C,2020,128927,Black,Automatic,Petrol,13203
885,Chevrolet,Model D,2021,35773,Silver,Automatic,Diesel,70241
886,BMW,Model E,2021,183240,Black,Automatic,Diesel,12244
887,Audi,Model A,2016,159819,Blue,Manual,Diesel,78619
888,Chevrolet,Model A,2022,77396,Silver,Automatic,Petrol,31584
889,Honda,Model A,2022,108692,Red,Manual,Petrol,18521
890,Volkswagen,Model A,2017,58505,Red,Manual,Petrol,60017
891,Honda,Model C,2018,86896,White,Automatic,Diesel,43541
892,Nissan,Model D,2022,19135,White,Manual,Diesel,39063
893,Toyota,Model B,2021,91887,Blue,Manual,Diesel,80268
894,BMW,Model C,2022,123118,Gray,Automatic,Petrol,74952
895,Hyundai,Model C,2021,48377,Red,Automatic,Diesel,49563
896,Toyota,Model B,2019,155626,White,Automatic,Petrol,49752
897,Hyundai,Model B,2016,63491,Red,Manual,Diesel,12567
898,Volkswagen,Model A,2016,187693,Blue,Manual,Petrol,26121
899,Mercedes,Model C,2018,59283,Blue,Automatic,Petrol,11674
900,Audi,Model E,2022,17923,Gray,Automatic,Diesel,86411
901,Ford,Model B,2022,48591,Gray,Manual,Petrol,76275
902,Toyota,Model B,2020,63261,Silver,Manual,Diesel,77081
903,BMW,Model D,2015,55336,Blue,Manual,Petrol,39140
904,Honda,Model E,2019,75083,White,Manual,Diesel,19327
905,BMW,Model E,2016,61948,Red,Automatic,Diesel,80663
906,Volkswagen,Model B,2019,165074,Black,Manual,Petrol,33331
907,Hyundai,Model A,2016,27672,Gray,Manual,Diesel,33004
908,Honda,Model D,2019,5213,Black,Manual,Petrol,20492
909,Ford,Model E,2017,142365,White,Manual,Diesel,64797
910,Ford,Model B,2021,187932,Gray,Automatic,Diesel,68095
911,Toyota,Model E,2016,63507,Black,Automatic,Diesel,23749
912,Volkswagen,Model D,2019,58134,White,Manual,Diesel,73217
913,Mercedes,Model D,2022,134172,Red,Manual,Petrol,99044
914,Volkswagen,Model C,2015,194069,White,Automatic,Diesel,19045
915,Hyundai,Model B,2017,29172,Silver,Automatic,Diesel,30116
916,BMW,Model D,2017,21132,Gray,Manual,Petrol,28667
917,Ford,Model C,2015,19199,Blue,Manual,Petrol,85057
918,BMW,Model C,2019,37609,Red,Automatic,Petrol,84205
919,BMW,Model E,2022,175037,Black,Automatic,Petrol,37302
920,BMW,Model E,2018,140088,Gray,Automatic,Petrol,21283
921,Ford,Model C,2015,171851,Blue,Automatic,Petrol,40935
922,Chevrolet,Model E,2019,32881,White,Automatic,Diesel,82534
923,Nissan,Model D,2015,25472,Blue,Automatic,Petrol,41624
924,Hyundai,Model A,2015,183885,Gray,Manual,Diesel,23440
925,Chevrolet,Model D,2016,168093,Gray,Automatic,Petrol,56501
926,Hyundai,Model C,2019,55131,Silver,Automatic,Diesel,97333
927,Honda,Model C,2018,156159,Silver,Automatic,Diesel,11269
928,Volkswagen,Model D,2021,13828,Blue,Automatic,Diesel,17868
929,Volkswagen,Model E,2016,193682,White,Manual,Petrol,40251
930,Audi,Model E,2015,97664,Blue,Manual,Petrol,87909
931,Volkswagen,Model C,2021,133473,Gray,Automatic,Petrol,94523
932,Ford,Model B,2020,16193,Gray,Manual,Petrol,48729
933,Mercedes,Model E,2021,176936,Black,Manual,Diesel,25734
934,Toyota,Model D,2015,152379,Silver,Manual,Petrol,52429
935,Audi,Model E,2015,103518,Black,Manual,Diesel,51337
936,Toyota,Model D,2022,20611,Red,Manual,Diesel,50325
937,Hyundai,Model C,2019,175863,Gray,Manual,Petrol,93600
938,Toyota,Model E,2019,144022,Black,Automatic,Petrol,72514
939,Toyota,Model D,2016,77240,Blue,Automatic,Petrol,18433
940,Audi,Model C,2018,3745,Silver,Automatic,Diesel,19111
941,Honda,Model B,2016,56243,Silver,Automatic,Petrol,73753
942,BMW,Model D,2017,4866,White,Automatic,Diesel,90583
943,Volkswagen,Model B,2015,164317,Blue,Manual,Petrol,83620
944,Volkswagen,Model B,2021,176796,White,Automatic,Diesel,31751
945,Ford,Model A,2020,129681,Black,Automatic,Petrol,26453
946,Audi,Model E,2015,72354,Red,Manual,Petrol,95844
947,Ford,Model D,2015,52374,Blue,Manual,Diesel,48968
948,Mercedes,Model B,2016,115397,Blue,Automatic,Petrol,40077
949,Mercedes,Model A,2020,125577,Blue,Manual,Petrol,44775
950,Ford,Model C,2020,162188,White,Manual,Petrol,68144
951,Audi,Model D,2020,82029,Black,Manual,Petrol,58570
952,Ford,Model B,2016,94574,Blue,Manual,Petrol,56097
953,Volkswagen,Model E,2015,152519,Blue,Automatic,Petrol,34503
954,Chevrolet,Model A,2016,31431,Silver,Manual,Petrol,12779
955,Nissan,Model B,2019,149980,Red,Automatic,Diesel,96840
956,Toyota,Model E,2019,30336,Silver,Automatic,Diesel,10755
957,Nissan,Model B,2016,41992,Silver,Manual,Petrol,49263
958,Audi,Model D,2020,56350,Red,Manual,Petrol,65087
959,Nissan,Model D,2022,70561,Black,Manual,Petrol,52281
960,Mercedes,Model D,2015,52955,Silver,Automatic,Diesel,61482
961,Hyundai,Model A,2016,62240,Black,Manual,Diesel,64857
962,Toyota,Model D,2016,152165,Silver,Manual,Petrol,27400
963,BMW,Model E,2016,138227,Gray,Manual,Diesel,50115
964,Audi,Model B,2022,47607,Red,Manual,Petrol,24249
965,Toyota,Model C,2022,165559,Silver,Manual,Petrol,56825
966,Nissan,Model E,2017,187740,Gray,Automatic,Petrol,34600
967,Mercedes,Model E,2019,153035,White,Manual,Petrol,47706
968,Honda,Model D,2021,182196,Gray,Manual,Diesel,29222
969,Chevrolet,Model A,2020,53870,Blue,Manual,Diesel,51139
970,BMW,Model B,2018,188619,Silver,Automatic,Petrol,51302
971,Chevrolet,Model A,2022,65110,Gray,Manual,Diesel,97838
972,Toyota,Model B,2021,185626,Black,Automatic,Diesel,78159
973,Mercedes,Model B,2022,153008,White,Automatic,Petrol,18646
974,Mercedes,Model A,2020,117895,Silver,Manual,Diesel,23543
975,Nissan,Model E,2018,5426,Blue,Manual,Petrol,32785
976,Volkswagen,Model B,2017,28606,Gray,Manual,Petrol,88353
977,Nissan,Model A,2016,179904,White,Automatic,Petrol,41406
978,Volkswagen,Model B,2017,29151,Silver,Automatic,Petrol,98992
979,Volkswagen,Model C,2022,12308,White,Automatic,Diesel,61428
980,BMW,Model E,2017,194594,Blue,Automatic,Petrol,33777
981,Nissan,Model D,2021,177743,Gray,Automatic,Diesel,67939
982,Honda,Model B,2015,91306,White,Automatic,Petrol,63026
983,Ford,Model C,2022,107984,White,Manual,Petrol,96450
984,Ford,Model D,2022,3204,Red,Manual,Diesel,39553
985,Nissan,Model D,2021,93769,White,Automatic,Petrol,33548
986,Nissan,Model B,2019,88265,Red,Manual,Diesel,73221
987,Chevrolet,Model A,2018,32131,Gray,Manual,Diesel,47265
988,BMW,Model B,2016,53428,Silver,Automatic,Petrol,50701
989,Nissan,Model C,2021,34870,Silver,Automatic,Petrol,61287
990,Chevrolet,Model D,2018,104547,Gray,Manual,Petrol,16727
991,Volkswagen,Model B,2020,50067,Gray,Automatic,Petrol,60717
992,Mercedes,Model A,2018,190657,Black,Automatic,Petrol,42427
993,Mercedes,Model B,2020,113217,Gray,Manual,Petrol,26692
994,Volkswagen,Model E,2021,153679,White,Automatic,Diesel,41625
995,Audi,Model A,2022,157040,Silver,Manual,Diesel,34918
996,Chevrolet,Model C,2022,99934,Blue,Manual,Petrol,51136
997,Chevrolet,Model D,2019,143980,Silver,Manual,Diesel,62409
998,Volkswagen,Model B,2021,158495,Red,Manual,Diesel,25577
999,Honda,Model A,2020,75707,Silver,Manual,Petrol,95155
1000,Hyundai,Model E,2018,62215,Black,Automatic,Petrol,91731
